id,date,partner,ad,country,clicks,paid_events,unpaid_events,reg,tutorial,postbacks,expenses
1,2017-01-01,partner1,ad1,RU,1,0,1,1,0,,0
2,2017-01-01,partner1,ad1,FR,1,0,1,0,1,,0
3,2017-01-01,partner1,ad1,IT,1,0,1,1,0,,0
4,2017-01-01,partner1,ad1,DE,1,0,1,0,1,,0
5,2017-01-01,partner1,ad1,US,1,0,1,1,0,,0
6,2017-01-01,partner1,ad2,RU,1,0,1,0,1,,0
7,2017-01-01,partner1,ad2,FR,1,0,1,1,0,,0
8,2017-01-01,partner1,ad2,IT,1,0,1,0,1,,0
9,2017-01-01,partner1,ad2,DE,1,0,1,1,0,,0
10,2017-01-01,partner1,ad2,US,1,0,1,0,1,,0
11,2017-01-01,partner2,ad1,RU,1,0,1,1,0,,0
12,2017-01-01,partner2,ad1,FR,1,0,1,0,1,,0
13,2017-01-01,partner2,ad1,IT,1,1,0,1,0,,5
14,2017-01-01,partner2,ad1,DE,1,0,1,0,1,,0
15,2017-01-01,partner2,ad1,US,1,0,1,1,0,,0
16,2017-01-01,partner2,ad2,RU,1,1,0,0,1,,3
17,2017-01-01,partner2,ad2,FR,1,0,1,1,0,,0
18,2017-01-01,partner2,ad2,IT,1,0,1,0,1,,0
19,2017-01-01,partner2,ad2,DE,1,0,1,0,1,,0
20,2017-01-01,partner2,ad2,US,1,0,1,1,0,,0
21,2017-01-02,partner1,ad1,RU,1,0,1,1,0,,0
22,2017-01-02,partner1,ad1,FR,1,0,1,0,1,,0
23,2017-01-02,partner1,ad1,IT,1,0,1,1,0,,0
24,2017-01-02,partner1,ad1,DE,1,0,1,0,1,,0
25,2017-01-02,partner1,ad1,US,1,0,1,1,0,,0
26,2017-01-02,partner1,ad2,RU,1,0,1,0,1,,0
27,2017-01-02,partner1,ad2,FR,1,0,1,1,0,,0
28,2017-01-02,partner1,ad2,IT,1,0,1,0,1,,0
29,2017-01-02,partner1,ad2,DE,1,0,1,1,0,,0
30,2017-01-02,partner1,ad2,US,1,0,1,0,1,,0
31,2017-01-02,partner2,ad1,RU,1,0,1,1,0,,0
32,2017-01-02,partner2,ad1,FR,1,0,1,0,1,,0
33,2017-01-02,partner2,ad1,IT,1,1,0,1,0,,5
34,2017-01-02,partner2,ad1,DE,1,0,1,0,1,,0
35,2017-01-02,partner2,ad1,US,1,0,1,1,0,,0
36,2017-01-02,partner2,ad2,RU,1,1,0,0,1,,3
37,2017-01-02,partner2,ad2,FR,1,0,1,1,0,,0
38,2017-01-02,partner2,ad2,IT,1,0,1,0,1,,0
39,2017-01-02,partner2,ad2,DE,1,0,1,0,1,,0
40,2017-01-02,partner2,ad2,US,1,0,1,1,0,,0
41,2017-01-03,partner1,ad1,FR,1,0,1,1,0,,0
42,2017-01-03,partner1,ad2,IT,1,0,1,0,1,,0
43,2017-01-03,partner2,ad1,DE,1,0,1,1,0,,0
44,2017-01-03,partner2,ad1,US,1,0,1,0,1,,0
45,2017-01-03,partner1,ad1,IT,1,0,1,1,0,,0
46,2017-01-03,partner1,ad1,US,1,0,1,0,1,,0
47,2017-01-03,partner2,ad2,DE,1,0,1,1,0,,0
48,2017-01-03,partner2,ad2,IT,1,1,0,0,1,,5
49,2017-01-03,partner2,ad2,RU,1,1,0,1,0,,3
50,2017-01-03,partner2,ad1,FR,1,1,0,0,1,,4
51,2017-01-03,partner1,ad2,US,1,0,1,1,0,,0
52,2017-01-03,partner1,ad2,FR,1,1,0,0,1,,2
53,2017-01-03,partner1,ad2,RU,1,0,1,1,0,,0
54,2017-01-03,partner1,ad2,DE,1,0,1,0,1,,0
55,2017-01-03,partner2,ad1,RU,1,1,0,1,0,,3
56,2017-01-03,partner2,ad1,IT,1,1,0,0,1,,5
57,2017-01-03,partner2,ad2,FR,1,0,1,1,0,,0
58,2017-01-03,partner1,ad1,RU,1,0,1,0,1,,0
59,2017-01-03,partner1,ad1,DE,1,0,1,0,1,,0
60,2017-01-03,partner2,ad2,US,1,0,1,1,0,,0
61,2017-01-04,partner1,ad1,FR,1,0,1,1,0,,0
62,2017-01-04,partner2,ad1,IT,1,1,0,0,1,,5
63,2017-01-04,partner2,ad1,FR,1,1,0,1,0,,4
64,2017-01-04,partner1,ad1,IT,1,0,1,0,1,,0
65,2017-01-04,partner1,ad1,DE,1,0,1,1,0,,0
66,2017-01-04,partner1,ad1,US,1,0,1,0,1,,0
67,2017-01-04,partner1,ad2,FR,1,0,1,1,0,,0
68,2017-01-04,partner1,ad2,RU,1,0,1,0,1,,0
69,2017-01-04,partner2,ad1,DE,1,0,1,1,0,,0
70,2017-01-04,partner1,ad2,IT,1,0,1,0,1,,0
71,2017-01-04,partner2,ad2,US,1,0,1,1,0,,0
72,2017-01-04,partner2,ad2,DE,1,0,1,0,1,,0
73,2017-01-04,partner2,ad2,IT,1,1,0,1,0,,5
74,2017-01-04,partner2,ad2,FR,1,1,0,0,1,,4
75,2017-01-04,partner2,ad2,RU,1,1,0,1,0,,3
76,2017-01-04,partner1,ad2,US,1,0,1,0,1,,0
77,2017-01-04,partner1,ad2,DE,1,0,1,1,0,,0
78,2017-01-04,partner2,ad1,RU,1,0,1,0,1,,0
79,2017-01-04,partner2,ad1,US,1,0,1,0,1,,0
80,2017-01-04,partner1,ad1,RU,1,0,1,1,0,,0
81,2017-01-05,partner1,ad1,FR,1,0,1,0,1,,0
82,2017-01-05,partner1,ad1,IT,1,0,1,1,0,,0
83,2017-01-05,partner1,ad1,DE,1,0,1,0,1,,0
84,2017-01-05,partner1,ad1,US,1,0,1,1,0,,0
85,2017-01-05,partner1,ad2,RU,1,0,1,0,1,,0
86,2017-01-05,partner1,ad2,FR,1,0,1,1,0,,0
87,2017-01-05,partner1,ad2,IT,1,0,1,0,1,,0
88,2017-01-05,partner1,ad2,US,1,0,1,0,1,,0
89,2017-01-05,partner2,ad1,RU,1,0,1,1,0,,0
90,2017-01-05,partner2,ad1,FR,1,0,1,0,1,,0
91,2017-01-05,partner2,ad1,IT,1,1,0,1,0,,5
92,2017-01-05,partner2,ad1,DE,1,0,1,0,1,,0
93,2017-01-05,partner2,ad1,US,1,0,1,1,0,,0
94,2017-01-05,partner2,ad2,RU,1,1,0,0,1,,3
95,2017-01-05,partner2,ad2,FR,1,0,1,1,0,,0
96,2017-01-05,partner2,ad2,IT,1,0,1,0,1,,0
97,2017-01-05,partner2,ad2,DE,1,0,1,0,1,,0
98,2017-01-05,partner2,ad2,US,1,0,1,1,0,,0
99,2017-01-06,partner1,ad1,RU,1,0,1,1,0,,0
100,2017-01-06,partner1,ad1,FR,1,0,1,0,1,,0
101,2017-01-06,partner1,ad1,DE,1,0,1,0,1,,0
102,2017-01-06,partner1,ad1,US,1,0,1,1,0,,0
103,2017-01-06,partner1,ad2,RU,1,0,1,0,1,,0
104,2017-01-06,partner1,ad2,FR,1,0,1,1,0,,0
105,2017-01-06,partner1,ad2,IT,1,0,1,0,1,,0
106,2017-01-06,partner1,ad2,DE,1,0,1,1,0,,0
107,2017-01-06,partner1,ad2,US,1,0,1,0,1,,0
108,2017-01-06,partner2,ad1,RU,1,0,1,1,0,,0
109,2017-01-06,partner2,ad1,FR,1,0,1,0,1,,0
110,2017-01-06,partner2,ad1,IT,1,1,0,1,0,,5
111,2017-01-06,partner2,ad1,DE,1,0,1,0,1,,0
112,2017-01-06,partner2,ad1,US,1,0,1,1,0,,0
113,2017-01-06,partner2,ad2,RU,1,1,0,0,1,,3
114,2017-01-06,partner2,ad2,FR,1,0,1,1,0,,0
115,2017-01-06,partner2,ad2,IT,1,0,1,0,1,,0
116,2017-01-06,partner2,ad2,DE,1,0,1,0,1,,0
117,2017-01-06,partner2,ad2,US,1,0,1,1,0,,0
118,2017-01-07,partner1,ad1,RU,1,0,1,1,0,,0
119,2017-01-07,partner1,ad1,FR,1,0,1,0,1,,0
120,2017-01-07,partner1,ad1,IT,1,0,1,1,0,,0
121,2017-01-07,partner1,ad1,DE,1,0,1,0,1,,0
122,2017-01-07,partner1,ad1,US,1,0,1,1,0,,0
123,2017-01-07,partner1,ad2,RU,1,0,1,0,1,,0
124,2017-01-07,partner1,ad2,FR,1,0,1,1,0,,0
125,2017-01-07,partner1,ad2,IT,1,0,1,0,1,,0
126,2017-01-07,partner1,ad2,DE,1,0,1,1,0,,0
127,2017-01-07,partner1,ad2,US,1,0,1,0,1,,0
128,2017-01-07,partner2,ad1,RU,1,0,1,1,0,,0
129,2017-01-07,partner2,ad1,FR,1,0,1,0,1,,0
130,2017-01-07,partner2,ad1,IT,1,1,0,1,0,,5
131,2017-01-07,partner2,ad1,DE,1,0,1,0,1,,0
132,2017-01-07,partner2,ad1,US,1,0,1,1,0,,0
133,2017-01-07,partner2,ad2,RU,1,1,0,0,1,,3
134,2017-01-07,partner2,ad2,FR,1,0,1,1,0,,0
135,2017-01-07,partner2,ad2,IT,1,0,1,0,1,,0
136,2017-01-07,partner2,ad2,DE,1,0,1,0,1,,0
137,2017-01-07,partner2,ad2,US,1,0,1,1,0,,0
138,2017-01-08,partner1,ad1,RU,1,0,1,1,0,,0
139,2017-01-08,partner1,ad1,FR,1,0,1,0,1,,0
140,2017-01-08,partner1,ad1,IT,1,0,1,1,0,,0
141,2017-01-08,partner1,ad1,DE,1,0,1,0,1,,0
142,2017-01-08,partner1,ad1,US,1,0,1,1,0,,0
143,2017-01-08,partner1,ad2,RU,1,0,1,0,1,,0
144,2017-01-08,partner1,ad2,FR,1,0,1,1,0,,0
145,2017-01-08,partner1,ad2,IT,1,0,1,0,1,,0
146,2017-01-08,partner1,ad2,DE,1,0,1,1,0,,0
147,2017-01-08,partner1,ad2,US,1,0,1,0,1,,0
148,2017-01-08,partner2,ad1,RU,1,0,1,1,0,,0
149,2017-01-08,partner2,ad1,FR,1,0,1,0,1,,0
150,2017-01-08,partner2,ad1,IT,1,1,0,1,0,,5
151,2017-01-08,partner2,ad2,RU,1,1,0,0,1,,3
152,2017-01-08,partner2,ad2,FR,1,0,1,1,0,,0
153,2017-01-08,partner2,ad2,IT,1,0,1,0,1,,0
154,2017-01-08,partner2,ad2,US,1,0,1,1,0,,0
155,2017-01-09,partner1,ad1,RU,1,0,1,1,0,,0
156,2017-01-09,partner1,ad1,FR,1,0,1,0,1,,0
157,2017-01-09,partner1,ad1,IT,1,0,1,1,0,,0
158,2017-01-09,partner1,ad1,DE,1,0,1,0,1,,0
159,2017-01-09,partner1,ad2,IT,1,0,1,0,1,,0
160,2017-01-09,partner1,ad2,DE,1,0,1,1,0,,0
161,2017-01-09,partner1,ad2,US,1,0,1,0,1,,0
162,2017-01-09,partner2,ad1,RU,1,0,1,1,0,,0
163,2017-01-09,partner2,ad1,FR,1,0,1,0,1,,0
164,2017-01-09,partner2,ad1,IT,1,1,0,1,0,,5
165,2017-01-09,partner2,ad1,DE,1,0,1,0,1,,0
166,2017-01-09,partner2,ad1,US,1,0,1,1,0,,0
167,2017-01-09,partner2,ad2,RU,1,1,0,0,1,,3
168,2017-01-09,partner2,ad2,FR,1,0,1,1,0,,0
169,2017-01-09,partner2,ad2,IT,1,0,1,0,1,,0
170,2017-01-09,partner2,ad2,DE,1,0,1,0,1,,0
171,2017-01-09,partner2,ad2,US,1,0,1,1,0,,0
172,2017-01-10,partner1,ad1,RU,1,0,1,1,0,,0
173,2017-01-10,partner1,ad1,FR,1,0,1,0,1,,0
174,2017-01-10,partner1,ad1,IT,1,0,1,1,0,,0
175,2017-01-10,partner1,ad1,DE,1,0,1,0,1,,0
176,2017-01-10,partner1,ad2,IT,1,0,1,0,1,,0
177,2017-01-10,partner1,ad2,DE,1,0,1,1,0,,0
178,2017-01-10,partner1,ad2,US,1,0,1,0,1,,0
179,2017-01-10,partner2,ad1,RU,1,0,1,1,0,,0
180,2017-01-10,partner2,ad1,FR,1,0,1,0,1,,0
181,2017-01-10,partner2,ad1,IT,1,1,0,1,0,,5
182,2017-01-10,partner2,ad1,DE,1,0,1,0,1,,0
183,2017-01-10,partner2,ad1,US,1,0,1,1,0,,0
184,2017-01-10,partner2,ad2,RU,1,1,0,0,1,,3
185,2017-01-10,partner2,ad2,FR,1,0,1,1,0,,0
186,2017-01-10,partner2,ad2,IT,1,0,1,0,1,,0
187,2017-01-10,partner2,ad2,DE,1,0,1,0,1,,0
188,2017-01-11,partner1,ad1,FR,1,0,1,0,1,,0
189,2017-01-11,partner1,ad1,IT,1,0,1,1,0,,0
190,2017-01-11,partner1,ad1,DE,1,0,1,0,1,,0
191,2017-01-11,partner1,ad1,US,1,0,1,1,0,,0
192,2017-01-11,partner1,ad2,RU,1,0,1,0,1,,0
193,2017-01-11,partner1,ad2,FR,1,0,1,1,0,,0
194,2017-01-11,partner1,ad2,IT,1,0,1,0,1,,0
195,2017-01-11,partner1,ad2,DE,1,0,1,1,0,,0
196,2017-01-11,partner1,ad2,US,1,0,1,0,1,,0
197,2017-01-11,partner2,ad1,RU,1,0,1,1,0,,0
198,2017-01-11,partner2,ad1,FR,1,0,1,0,1,,0
199,2017-01-11,partner2,ad1,IT,1,1,0,1,0,,5
200,2017-01-11,partner2,ad2,RU,1,1,0,0,1,,3
201,2017-01-11,partner2,ad2,FR,1,0,1,1,0,,0
202,2017-01-11,partner2,ad2,IT,1,0,1,0,1,,0
203,2017-01-11,partner2,ad2,DE,1,0,1,0,1,,0
204,2017-01-11,partner2,ad2,US,1,0,1,1,0,,0
205,2017-01-12,partner1,ad1,RU,1,0,1,1,0,,0
206,2017-01-12,partner1,ad1,FR,1,0,1,0,1,,0
207,2017-01-12,partner1,ad1,IT,1,0,1,1,0,,0
208,2017-01-12,partner1,ad1,DE,1,0,1,0,1,,0
209,2017-01-12,partner1,ad1,US,1,0,1,1,0,,0
210,2017-01-12,partner1,ad2,RU,1,0,1,0,1,,0
211,2017-01-12,partner1,ad2,FR,1,0,1,1,0,,0
212,2017-01-12,partner1,ad2,IT,1,0,1,0,1,,0
213,2017-01-12,partner1,ad2,DE,1,0,1,1,0,,0
214,2017-01-12,partner1,ad2,US,1,0,1,0,1,,0
215,2017-01-12,partner2,ad1,RU,1,0,1,1,0,,0
216,2017-01-12,partner2,ad1,FR,1,0,1,0,1,,0
217,2017-01-12,partner2,ad1,IT,1,1,0,1,0,,5
218,2017-01-12,partner2,ad1,DE,1,0,1,0,1,,0
219,2017-01-12,partner2,ad1,US,1,0,1,1,0,,0
220,2017-01-12,partner2,ad2,RU,1,1,0,0,1,,3
221,2017-01-12,partner2,ad2,FR,1,0,1,1,0,,0
222,2017-01-12,partner2,ad2,IT,1,0,1,0,1,,0
223,2017-01-12,partner2,ad2,DE,1,0,1,0,1,,0
224,2017-01-12,partner2,ad2,US,1,0,1,1,0,,0
225,2017-01-13,partner1,ad1,RU,1,0,1,1,0,,0
226,2017-01-13,partner1,ad1,FR,1,0,1,0,1,,0
227,2017-01-13,partner1,ad1,IT,1,0,1,1,0,,0
228,2017-01-13,partner1,ad1,DE,1,0,1,0,1,,0
229,2017-01-13,partner1,ad1,US,1,0,1,1,0,,0
230,2017-01-13,partner1,ad2,RU,1,0,1,0,1,,0
231,2017-01-13,partner1,ad2,FR,1,0,1,1,0,,0
232,2017-01-13,partner1,ad2,IT,1,0,1,0,1,,0
233,2017-01-13,partner1,ad2,DE,1,0,1,1,0,,0
234,2017-01-13,partner1,ad2,US,1,0,1,0,1,,0
235,2017-01-13,partner2,ad1,RU,1,0,1,1,0,,0
236,2017-01-13,partner2,ad1,FR,1,0,1,0,1,,0
237,2017-01-13,partner2,ad1,IT,1,1,0,1,0,,5
238,2017-01-13,partner2,ad2,RU,1,1,0,0,1,,3
239,2017-01-13,partner2,ad2,FR,1,0,1,1,0,,0
240,2017-01-13,partner2,ad2,IT,1,0,1,0,1,,0
241,2017-01-13,partner2,ad2,US,1,0,1,1,0,,0
242,2017-01-14,partner1,ad1,RU,1,0,1,1,0,,0
243,2017-01-14,partner1,ad1,FR,1,0,1,0,1,,0
244,2017-01-14,partner1,ad1,IT,1,0,1,1,0,,0
245,2017-01-14,partner1,ad1,DE,1,0,1,0,1,,0
246,2017-01-14,partner1,ad1,US,1,0,1,1,0,,0
247,2017-01-14,partner1,ad2,RU,1,0,1,0,1,,0
248,2017-01-14,partner1,ad2,FR,1,0,1,1,0,,0
249,2017-01-14,partner1,ad2,IT,1,0,1,0,1,,0
250,2017-01-14,partner1,ad2,DE,1,0,1,1,0,,0
251,2017-01-14,partner1,ad2,US,1,0,1,0,1,,0
252,2017-01-14,partner2,ad1,RU,1,0,1,1,0,,0
253,2017-01-14,partner2,ad1,FR,1,0,1,0,1,,0
254,2017-01-14,partner2,ad1,IT,1,1,0,1,0,,5
255,2017-01-14,partner2,ad1,DE,1,0,1,0,1,,0
256,2017-01-14,partner2,ad1,US,1,0,1,1,0,,0
257,2017-01-14,partner2,ad2,RU,1,1,0,0,1,,3
258,2017-01-14,partner2,ad2,FR,1,0,1,1,0,,0
259,2017-01-14,partner2,ad2,IT,1,0,1,0,1,,0
260,2017-01-14,partner2,ad2,DE,1,0,1,0,1,,0
261,2017-01-14,partner2,ad2,US,1,0,1,1,0,,0
262,2017-01-15,partner1,ad1,RU,1,0,1,1,0,,0
263,2017-01-15,partner1,ad1,FR,1,0,1,0,1,,0
264,2017-01-15,partner1,ad1,DE,1,0,1,0,1,,0
265,2017-01-15,partner1,ad1,US,1,0,1,1,0,,0
266,2017-01-15,partner1,ad2,IT,1,0,1,0,1,,0
267,2017-01-15,partner1,ad2,US,1,0,1,0,1,,0
268,2017-01-15,partner2,ad1,RU,1,0,1,1,0,,0
269,2017-01-15,partner2,ad1,FR,1,0,1,0,1,,0
270,2017-01-15,partner2,ad1,IT,1,1,0,1,0,,5
271,2017-01-15,partner2,ad1,DE,1,0,1,0,1,,0
272,2017-01-15,partner2,ad1,US,1,0,1,1,0,,0
273,2017-01-15,partner2,ad2,RU,1,1,0,0,1,,3
274,2017-01-15,partner2,ad2,FR,1,0,1,1,0,,0
275,2017-01-15,partner2,ad2,IT,1,0,1,0,1,,0
276,2017-01-15,partner2,ad2,DE,1,0,1,0,1,,0
277,2017-01-16,partner1,ad1,FR,1,0,1,0,1,,0
278,2017-01-16,partner1,ad1,DE,1,0,1,0,1,,0
279,2017-01-16,partner1,ad2,IT,1,0,1,0,1,,0
280,2017-01-16,partner2,ad1,RU,1,0,1,1,0,,0
281,2017-01-16,partner2,ad1,FR,1,0,1,0,1,,0
282,2017-01-16,partner2,ad1,IT,1,1,0,1,0,,5
283,2017-01-16,partner2,ad1,DE,1,0,1,0,1,,0
284,2017-01-16,partner2,ad1,US,1,0,1,1,0,,0
285,2017-01-16,partner2,ad2,RU,1,1,0,0,1,,3
286,2017-01-16,partner2,ad2,FR,1,0,1,1,0,,0
287,2017-01-16,partner2,ad2,IT,1,0,1,0,1,,0
288,2017-01-16,partner2,ad2,DE,1,0,1,0,1,,0
289,2017-01-16,partner2,ad2,US,1,0,1,1,0,,0
290,2017-01-17,partner1,ad1,RU,1,0,1,1,0,,0
291,2017-01-17,partner1,ad1,FR,1,0,1,0,1,,0
292,2017-01-17,partner1,ad1,IT,1,0,1,1,0,,0
293,2017-01-17,partner1,ad1,DE,1,0,1,0,1,,0
294,2017-01-17,partner1,ad1,US,1,0,1,1,0,,0
295,2017-01-17,partner1,ad2,RU,1,0,1,0,1,,0
296,2017-01-17,partner1,ad2,FR,1,0,1,1,0,,0
297,2017-01-17,partner1,ad2,IT,1,0,1,0,1,,0
298,2017-01-17,partner1,ad2,DE,1,0,1,1,0,,0
299,2017-01-17,partner1,ad2,US,1,0,1,0,1,,0
300,2017-01-17,partner2,ad1,RU,1,0,1,1,0,,0
301,2017-01-17,partner2,ad1,FR,1,0,1,0,1,,0
302,2017-01-17,partner2,ad1,IT,1,1,0,1,0,,5
303,2017-01-17,partner2,ad1,DE,1,0,1,0,1,,0
304,2017-01-17,partner2,ad1,US,1,0,1,1,0,,0
305,2017-01-17,partner2,ad2,RU,1,1,0,0,1,,3
306,2017-01-17,partner2,ad2,FR,1,0,1,1,0,,0
307,2017-01-17,partner2,ad2,IT,1,0,1,0,1,,0
308,2017-01-17,partner2,ad2,DE,1,0,1,0,1,,0
309,2017-01-18,partner1,ad1,FR,1,0,1,0,1,,0
310,2017-01-18,partner1,ad1,DE,1,0,1,0,1,,0
311,2017-01-18,partner1,ad2,IT,1,0,1,0,1,,0
312,2017-01-18,partner1,ad2,US,1,0,1,0,1,,0
313,2017-01-18,partner2,ad1,RU,1,0,1,1,0,,0
314,2017-01-18,partner2,ad1,FR,1,0,1,0,1,,0
315,2017-01-18,partner2,ad1,IT,1,1,0,1,0,,5
316,2017-01-18,partner2,ad1,DE,1,0,1,0,1,,0
317,2017-01-18,partner2,ad1,US,1,0,1,1,0,,0
318,2017-01-18,partner2,ad2,RU,1,1,0,0,1,,3
319,2017-01-18,partner2,ad2,FR,1,0,1,1,0,,0
320,2017-01-18,partner2,ad2,IT,1,0,1,0,1,,0
321,2017-01-18,partner2,ad2,DE,1,0,1,0,1,,0
322,2017-01-19,partner1,ad1,FR,1,0,1,0,1,,0
323,2017-01-19,partner1,ad1,DE,1,0,1,0,1,,0
324,2017-01-19,partner1,ad2,RU,1,0,1,0,1,,0
325,2017-01-19,partner1,ad2,IT,1,0,1,0,1,,0
326,2017-01-19,partner1,ad2,US,1,0,1,0,1,,0
327,2017-01-19,partner2,ad1,RU,1,0,1,1,0,,0
328,2017-01-19,partner2,ad1,FR,1,0,1,0,1,,0
329,2017-01-19,partner2,ad1,IT,1,1,0,1,0,,5
330,2017-01-19,partner2,ad1,DE,1,0,1,0,1,,0
331,2017-01-19,partner2,ad1,US,1,0,1,1,0,,0
332,2017-01-19,partner2,ad2,RU,1,1,0,0,1,,3
333,2017-01-19,partner2,ad2,FR,1,0,1,1,0,,0
334,2017-01-19,partner2,ad2,IT,1,0,1,0,1,,0
335,2017-01-19,partner2,ad2,DE,1,0,1,0,1,,0
336,2017-01-19,partner2,ad2,US,1,0,1,1,0,,0
337,2017-01-20,partner1,ad1,RU,1,0,1,1,0,,0
338,2017-01-20,partner1,ad1,FR,1,0,1,0,1,,0
339,2017-01-20,partner1,ad1,IT,1,0,1,1,0,,0
340,2017-01-20,partner1,ad1,DE,1,0,1,0,1,,0
341,2017-01-20,partner1,ad1,US,1,0,1,1,0,,0
342,2017-01-20,partner1,ad2,RU,1,0,1,0,1,,0
343,2017-01-20,partner1,ad2,FR,1,0,1,1,0,,0
344,2017-01-20,partner1,ad2,IT,1,0,1,0,1,,0
345,2017-01-20,partner1,ad2,DE,1,0,1,1,0,,0
346,2017-01-20,partner1,ad2,US,1,0,1,0,1,,0
347,2017-01-20,partner2,ad1,RU,1,0,1,1,0,,0
348,2017-01-20,partner2,ad1,FR,1,0,1,0,1,,0
349,2017-01-20,partner2,ad1,IT,1,1,0,1,0,,5
350,2017-01-20,partner2,ad1,DE,1,0,1,0,1,,0
351,2017-01-20,partner2,ad1,US,1,0,1,1,0,,0
352,2017-01-20,partner2,ad2,RU,1,1,0,0,1,,3
353,2017-01-20,partner2,ad2,FR,1,0,1,1,0,,0
354,2017-01-20,partner2,ad2,IT,1,0,1,0,1,,0
355,2017-01-20,partner2,ad2,DE,1,0,1,0,1,,0
356,2017-01-20,partner2,ad2,US,1,0,1,1,0,,0
357,2017-01-21,partner1,ad1,RU,1,0,1,1,0,,0
358,2017-01-21,partner1,ad1,FR,1,0,1,0,1,,0
359,2017-01-21,partner1,ad1,IT,1,0,1,1,0,,0
360,2017-01-21,partner1,ad1,DE,1,0,1,0,1,,0
361,2017-01-21,partner1,ad1,US,1,0,1,1,0,,0
362,2017-01-21,partner1,ad2,RU,1,0,1,0,1,,0
363,2017-01-21,partner1,ad2,FR,1,0,1,1,0,,0
364,2017-01-21,partner1,ad2,IT,1,0,1,0,1,,0
365,2017-01-21,partner1,ad2,DE,1,0,1,1,0,,0
366,2017-01-21,partner1,ad2,US,1,0,1,0,1,,0
367,2017-01-21,partner2,ad1,RU,1,0,1,1,0,,0
368,2017-01-21,partner2,ad1,FR,1,0,1,0,1,,0
369,2017-01-21,partner2,ad1,IT,1,1,0,1,0,,5
370,2017-01-21,partner2,ad1,DE,1,0,1,0,1,,0
371,2017-01-21,partner2,ad1,US,1,0,1,1,0,,0
372,2017-01-21,partner2,ad2,RU,1,1,0,0,1,,3
373,2017-01-21,partner2,ad2,FR,1,0,1,1,0,,0
374,2017-01-21,partner2,ad2,IT,1,0,1,0,1,,0
375,2017-01-21,partner2,ad2,DE,1,0,1,0,1,,0
376,2017-01-21,partner2,ad2,US,1,0,1,1,0,,0
377,2017-01-22,partner1,ad1,RU,1,0,1,1,0,,0
378,2017-01-22,partner1,ad1,FR,1,0,1,0,1,,0
379,2017-01-22,partner1,ad1,IT,1,0,1,1,0,,0
380,2017-01-22,partner1,ad1,DE,1,0,1,0,1,,0
381,2017-01-22,partner1,ad1,US,1,0,1,1,0,,0
382,2017-01-22,partner1,ad2,RU,1,0,1,0,1,,0
383,2017-01-22,partner1,ad2,FR,1,0,1,1,0,,0
384,2017-01-22,partner1,ad2,IT,1,0,1,0,1,,0
385,2017-01-22,partner1,ad2,DE,1,0,1,1,0,,0
386,2017-01-22,partner1,ad2,US,1,0,1,0,1,,0
387,2017-01-22,partner2,ad1,RU,1,0,1,1,0,,0
388,2017-01-22,partner2,ad1,FR,1,0,1,0,1,,0
389,2017-01-22,partner2,ad1,IT,1,1,0,1,0,,5
390,2017-01-22,partner2,ad1,DE,1,0,1,0,1,,0
391,2017-01-22,partner2,ad1,US,1,0,1,1,0,,0
392,2017-01-22,partner2,ad2,RU,1,1,0,0,1,,3
393,2017-01-22,partner2,ad2,FR,1,0,1,1,0,,0
394,2017-01-22,partner2,ad2,IT,1,0,1,0,1,,0
395,2017-01-22,partner2,ad2,DE,1,0,1,0,1,,0
396,2017-01-22,partner2,ad2,US,1,0,1,1,0,,0
397,2017-01-23,partner1,ad1,RU,1,0,1,1,0,,0
398,2017-01-23,partner1,ad1,FR,1,0,1,0,1,,0
399,2017-01-23,partner1,ad1,IT,1,0,1,1,0,,0
400,2017-01-23,partner1,ad1,DE,1,0,1,0,1,,0
401,2017-01-23,partner1,ad1,US,1,0,1,1,0,,0
402,2017-01-23,partner1,ad2,RU,1,0,1,0,1,,0
403,2017-01-23,partner1,ad2,FR,1,0,1,1,0,,0
404,2017-01-23,partner1,ad2,IT,1,0,1,0,1,,0
405,2017-01-23,partner1,ad2,DE,1,0,1,1,0,,0
406,2017-01-23,partner1,ad2,US,1,0,1,0,1,,0
407,2017-01-23,partner2,ad1,RU,1,0,1,1,0,,0
408,2017-01-23,partner2,ad1,FR,1,0,1,0,1,,0
409,2017-01-23,partner2,ad1,IT,1,1,0,1,0,,5
410,2017-01-23,partner2,ad1,DE,1,0,1,0,1,,0
411,2017-01-23,partner2,ad1,US,1,0,1,1,0,,0
412,2017-01-23,partner2,ad2,RU,1,1,0,0,1,,3
413,2017-01-23,partner2,ad2,FR,1,0,1,1,0,,0
414,2017-01-23,partner2,ad2,IT,1,0,1,0,1,,0
415,2017-01-23,partner2,ad2,DE,1,0,1,0,1,,0
416,2017-01-23,partner2,ad2,US,1,0,1,1,0,,0
417,2017-01-24,partner1,ad1,RU,1,0,1,1,0,,0
418,2017-01-24,partner1,ad1,FR,1,0,1,0,1,,0
419,2017-01-24,partner1,ad1,IT,1,0,1,1,0,,0
420,2017-01-24,partner1,ad1,DE,1,0,1,0,1,,0
421,2017-01-24,partner1,ad1,US,1,0,1,1,0,,0
422,2017-01-24,partner1,ad2,RU,1,0,1,0,1,,0
423,2017-01-24,partner1,ad2,FR,1,0,1,1,0,,0
424,2017-01-24,partner1,ad2,IT,1,0,1,0,1,,0
425,2017-01-24,partner1,ad2,DE,1,0,1,1,0,,0
426,2017-01-24,partner2,ad1,RU,1,0,1,1,0,,0
427,2017-01-24,partner2,ad1,FR,1,0,1,0,1,,0
428,2017-01-24,partner2,ad1,IT,1,1,0,1,0,,5
429,2017-01-24,partner2,ad2,RU,1,1,0,0,1,,3
430,2017-01-24,partner2,ad2,FR,1,0,1,1,0,,0
431,2017-01-24,partner2,ad2,IT,1,0,1,0,1,,0
432,2017-01-24,partner2,ad2,US,1,0,1,1,0,,0
433,2017-01-25,partner1,ad1,RU,1,0,1,1,0,,0
434,2017-01-25,partner1,ad1,FR,1,0,1,0,1,,0
435,2017-01-25,partner1,ad1,IT,1,0,1,1,0,,0
436,2017-01-25,partner1,ad1,DE,1,0,1,0,1,,0
437,2017-01-25,partner1,ad1,US,1,0,1,1,0,,0
438,2017-01-25,partner1,ad2,RU,1,0,1,0,1,,0
439,2017-01-25,partner1,ad2,FR,1,0,1,1,0,,0
440,2017-01-25,partner1,ad2,IT,1,0,1,0,1,,0
441,2017-01-25,partner1,ad2,DE,1,0,1,1,0,,0
442,2017-01-25,partner1,ad2,US,1,0,1,0,1,,0
443,2017-01-25,partner2,ad1,RU,1,0,1,1,0,,0
444,2017-01-25,partner2,ad1,FR,1,0,1,0,1,,0
445,2017-01-25,partner2,ad1,IT,1,1,0,1,0,,5
446,2017-01-25,partner2,ad1,DE,1,0,1,0,1,,0
447,2017-01-25,partner2,ad1,US,1,0,1,1,0,,0
448,2017-01-25,partner2,ad2,RU,1,1,0,0,1,,3
449,2017-01-25,partner2,ad2,FR,1,0,1,1,0,,0
450,2017-01-25,partner2,ad2,IT,1,0,1,0,1,,0
451,2017-01-25,partner2,ad2,DE,1,0,1,0,1,,0
452,2017-01-26,partner2,ad1,RU,1,0,1,1,0,,0
453,2017-01-26,partner2,ad1,FR,1,0,1,0,1,,0
454,2017-01-26,partner2,ad1,IT,1,1,0,1,0,,5
455,2017-01-26,partner2,ad1,DE,1,0,1,0,1,,0
456,2017-01-26,partner2,ad1,US,1,0,1,1,0,,0
457,2017-01-26,partner2,ad2,RU,1,1,0,0,1,,3
458,2017-01-26,partner2,ad2,FR,1,0,1,1,0,,0
459,2017-01-26,partner2,ad2,IT,1,0,1,0,1,,0
460,2017-01-26,partner2,ad2,DE,1,0,1,0,1,,0
461,2017-01-26,partner2,ad2,US,1,0,1,1,0,,0
462,2017-01-27,partner1,ad1,RU,1,0,1,1,0,,0
463,2017-01-27,partner1,ad1,FR,1,0,1,0,1,,0
464,2017-01-27,partner1,ad1,IT,1,0,1,1,0,,0
465,2017-01-27,partner1,ad1,DE,1,0,1,0,1,,0
466,2017-01-27,partner1,ad1,US,1,0,1,1,0,,0
467,2017-01-27,partner1,ad2,RU,1,0,1,0,1,,0
468,2017-01-27,partner1,ad2,FR,1,0,1,1,0,,0
469,2017-01-27,partner1,ad2,IT,1,0,1,0,1,,0
470,2017-01-27,partner1,ad2,DE,1,0,1,1,0,,0
471,2017-01-27,partner1,ad2,US,1,0,1,0,1,,0
472,2017-01-27,partner2,ad1,RU,1,0,1,1,0,,0
473,2017-01-27,partner2,ad1,FR,1,0,1,0,1,,0
474,2017-01-27,partner2,ad1,IT,1,1,0,1,0,,5
475,2017-01-27,partner2,ad1,DE,1,0,1,0,1,,0
476,2017-01-27,partner2,ad1,US,1,0,1,1,0,,0
477,2017-01-27,partner2,ad2,RU,1,1,0,0,1,,3
478,2017-01-27,partner2,ad2,FR,1,0,1,1,0,,0
479,2017-01-27,partner2,ad2,IT,1,0,1,0,1,,0
480,2017-01-27,partner2,ad2,DE,1,0,1,0,1,,0
481,2017-01-27,partner2,ad2,US,1,0,1,1,0,,0
482,2017-01-28,partner1,ad1,RU,1,0,1,1,0,,0
483,2017-01-28,partner1,ad1,FR,1,0,1,0,1,,0
484,2017-01-28,partner1,ad1,IT,1,0,1,1,0,,0
485,2017-01-28,partner1,ad1,DE,1,0,1,0,1,,0
486,2017-01-28,partner1,ad1,US,1,0,1,1,0,,0
487,2017-01-28,partner1,ad2,RU,1,0,1,0,1,,0
488,2017-01-28,partner1,ad2,FR,1,0,1,1,0,,0
489,2017-01-28,partner1,ad2,IT,1,0,1,0,1,,0
490,2017-01-28,partner1,ad2,DE,1,0,1,1,0,,0
491,2017-01-28,partner1,ad2,US,1,0,1,0,1,,0
492,2017-01-28,partner2,ad1,RU,1,0,1,1,0,,0
493,2017-01-28,partner2,ad1,FR,1,0,1,0,1,,0
494,2017-01-28,partner2,ad1,IT,1,1,0,1,0,,5
495,2017-01-28,partner2,ad1,DE,1,0,1,0,1,,0
496,2017-01-28,partner2,ad1,US,1,0,1,1,0,,0
497,2017-01-28,partner2,ad2,RU,1,1,0,0,1,,3
498,2017-01-28,partner2,ad2,FR,1,0,1,1,0,,0
499,2017-01-28,partner2,ad2,IT,1,0,1,0,1,,0
500,2017-01-28,partner2,ad2,DE,1,0,1,0,1,,0
501,2017-01-28,partner2,ad2,US,1,0,1,1,0,,0
502,2017-01-29,partner1,ad1,RU,1,0,1,1,0,,0
503,2017-01-29,partner1,ad1,FR,1,0,1,0,1,,0
504,2017-01-29,partner1,ad1,IT,1,0,1,1,0,,0
505,2017-01-29,partner1,ad1,DE,1,0,1,0,1,,0
506,2017-01-29,partner1,ad1,US,1,0,1,1,0,,0
507,2017-01-29,partner1,ad2,RU,1,0,1,0,1,,0
508,2017-01-29,partner1,ad2,FR,1,0,1,1,0,,0
509,2017-01-29,partner1,ad2,IT,1,0,1,0,1,,0
510,2017-01-29,partner1,ad2,DE,1,0,1,1,0,,0
511,2017-01-29,partner1,ad2,US,1,0,1,0,1,,0
512,2017-01-29,partner2,ad1,RU,1,0,1,1,0,,0
513,2017-01-29,partner2,ad1,FR,1,0,1,0,1,,0
514,2017-01-29,partner2,ad1,IT,1,1,0,1,0,,5
515,2017-01-29,partner2,ad1,DE,1,0,1,0,1,,0
516,2017-01-29,partner2,ad1,US,1,0,1,1,0,,0
517,2017-01-29,partner2,ad2,RU,1,1,0,0,1,,3
518,2017-01-29,partner2,ad2,FR,1,0,1,1,0,,0
519,2017-01-29,partner2,ad2,IT,1,0,1,0,1,,0
520,2017-01-29,partner2,ad2,DE,1,0,1,0,1,,0
521,2017-01-29,partner2,ad2,US,1,0,1,1,0,,0
522,2017-01-30,partner1,ad1,RU,1,0,1,1,0,,0
523,2017-01-30,partner1,ad1,FR,1,0,1,0,1,,0
524,2017-01-30,partner1,ad1,IT,1,0,1,1,0,,0
525,2017-01-30,partner1,ad1,DE,1,0,1,0,1,,0
526,2017-01-30,partner1,ad1,US,1,0,1,1,0,,0
527,2017-01-30,partner1,ad2,RU,1,0,1,0,1,,0
528,2017-01-30,partner1,ad2,FR,1,0,1,1,0,,0
529,2017-01-30,partner1,ad2,IT,1,0,1,0,1,,0
530,2017-01-30,partner1,ad2,DE,1,0,1,1,0,,0
531,2017-01-30,partner1,ad2,US,1,0,1,0,1,,0
532,2017-01-30,partner2,ad1,RU,1,0,1,1,0,,0
533,2017-01-30,partner2,ad1,FR,1,0,1,0,1,,0
534,2017-01-30,partner2,ad1,IT,1,1,0,1,0,,5
535,2017-01-30,partner2,ad1,DE,1,0,1,0,1,,0
536,2017-01-30,partner2,ad1,US,1,0,1,1,0,,0
537,2017-01-30,partner2,ad2,RU,1,1,0,0,1,,3
538,2017-01-30,partner2,ad2,FR,1,0,1,1,0,,0
539,2017-01-30,partner2,ad2,IT,1,0,1,0,1,,0
540,2017-01-30,partner2,ad2,DE,1,0,1,0,1,,0
541,2017-01-30,partner2,ad2,US,1,0,1,1,0,,0
542,2017-01-31,partner1,ad1,RU,1,0,1,1,0,,0
543,2017-01-31,partner1,ad1,FR,1,0,1,0,1,,0
544,2017-01-31,partner1,ad1,IT,1,0,1,1,0,,0
545,2017-01-31,partner1,ad1,DE,1,0,1,0,1,,0
546,2017-01-31,partner1,ad1,US,1,0,1,1,0,,0
547,2017-01-31,partner1,ad2,RU,1,0,1,0,1,,0
548,2017-01-31,partner1,ad2,FR,1,0,1,1,0,,0
549,2017-01-31,partner1,ad2,IT,1,0,1,0,1,,0
550,2017-01-31,partner1,ad2,DE,1,0,1,1,0,,0
551,2017-01-31,partner1,ad2,US,1,0,1,0,1,,0
552,2017-01-31,partner2,ad1,RU,1,0,1,1,0,,0
553,2017-01-31,partner2,ad1,FR,1,0,1,0,1,,0
554,2017-01-31,partner2,ad1,IT,1,1,0,1,0,,5
555,2017-01-31,partner2,ad1,DE,1,0,1,0,1,,0
556,2017-01-31,partner2,ad1,US,1,0,1,1,0,,0
557,2017-01-31,partner2,ad2,RU,1,1,0,0,1,,3
558,2017-01-31,partner2,ad2,FR,1,0,1,1,0,,0
559,2017-01-31,partner2,ad2,IT,1,0,1,0,1,,0
560,2017-01-31,partner2,ad2,DE,1,0,1,0,1,,0
561,2017-01-31,partner2,ad2,US,1,0,1,1,0,,0
